{
  "ABIRoot": {
    "kind": "Root",
    "name": "Core",
    "printedName": "Core",
    "children": [
      {
        "kind": "Import",
        "name": "Foundation",
        "printedName": "Foundation",
        "declKind": "Import",
        "moduleName": "Core",
        "declAttributes": [
          "RawDocComment"
        ]
      },
      {
        "kind": "TypeDecl",
        "name": "CoreManager",
        "printedName": "CoreManager",
        "children": [
          {
            "kind": "Function",
            "name": "debug",
            "printedName": "debug()",
            "children": [
              {
                "kind": "TypeNominal",
                "name": "Void",
                "printedName": "()"
              }
            ],
            "declKind": "Func",
            "usr": "s:4Core0A7ManagerC5debugyyFZ",
            "mangledName": "$s4Core0A7ManagerC5debugyyFZ",
            "moduleName": "Core",
            "static": true,
            "declAttributes": [
              "Final",
              "AccessControl"
            ],
            "funcSelfKind": "NonMutating"
          }
        ],
        "declKind": "Class",
        "usr": "s:4Core0A7ManagerC",
        "mangledName": "$s4Core0A7ManagerC",
        "moduleName": "Core",
        "declAttributes": [
          "Final",
          "AccessControl"
        ],
        "hasMissingDesignatedInitializers": true,
        "conformances": [
          {
            "kind": "Conformance",
            "name": "Copyable",
            "printedName": "Copyable",
            "usr": "s:s8CopyableP",
            "mangledName": "$ss8CopyableP"
          },
          {
            "kind": "Conformance",
            "name": "Escapable",
            "printedName": "Escapable",
            "usr": "s:s9EscapableP",
            "mangledName": "$ss9EscapableP"
          }
        ]
      }
    ],
    "json_format_version": 8
  },
  "ConstValues": []
}